<?xml version="1.0" encoding="UTF-8"?>
<project-private xmlns="http://www.netbeans.org/ns/project-private/1">
    <editor-bookmarks xmlns="http://www.netbeans.org/ns/editor-bookmarks/2" lastBookmarkId="0"/>
    <open-files xmlns="http://www.netbeans.org/ns/projectui-open-files/2">
        <group>
            <file>file:/C:/Users/User/Documents/NetBeansProjects/Proyek%20PBO/src/proyek/pbo/ItemForm.java</file>
            <file>file:/C:/Users/User/Documents/NetBeansProjects/Proyek%20PBO/src/proyek/pbo/SubmitItm.java</file>
            <file>file:/C:/Users/User/Documents/NetBeansProjects/Proyek%20PBO/src/proyek/pbo/TransaksiForm.java</file>
            <file>file:/C:/Users/User/Documents/NetBeansProjects/Proyek%20PBO/src/proyek/pbo/LoginForm.java</file>
            <file>file:/C:/Users/User/Documents/NetBeansProjects/Proyek%20PBO/src/proyek/pbo/CartForm.java</file>
            <file>file:/C:/Users/User/Documents/NetBeansProjects/Proyek%20PBO/src/proyek/pbo/HomeForm.java</file>
            <file>file:/C:/Users/User/Documents/NetBeansProjects/Proyek%20PBO/src/proyek/pbo/Wishlistform.java</file>
            <file>file:/C:/Users/User/Documents/NetBeansProjects/Proyek%20PBO/src/proyek/pbo/AdminForm.java</file>
        </group>
    </open-files>
</project-private>
